{"cameraMode":{"drawMode":0,"name":"Shaded","section":"Shading Mode"},"sceneLighting":true,"audioPlay":false,"sceneViewState":{"m_AlwaysRefresh":false,"showFog":true,"showSkybox":true,"showFlares":true,"showImageEffects":true,"showParticleSystems":true,"showVisualEffectGraphs":true,"m_FxEnabled":true},"in2DMode":false,"pivot":{"x":-0.7655588984489441,"y":0.2921362519264221,"z":-0.4682641327381134},"rotation":{"x":0.10854347795248032,"y":0.4869357645511627,"z":-0.061137259006500247,"w":0.8645085692405701},"size":0.383454293012619,"orthographic":true}